,index,Unnamed: 0,X,Month,Longitude,Latitude,hours,minutes,crime,Cluster_Index,danger_index
0,6883,6884,6884,2011-05-17,81.633458,25.674533,5,11,Murder,3,50
1,6884,6885,6885,2010-06-06,81.633164,25.67019,6,43,Violence and Offence,3,50
2,6885,6886,6886,2012-05-30,81.633391,25.674839,9,10,Kidnap,3,50
3,6886,6887,6887,2010-04-07,81.629549,25.671401,22,25,Violence and Offence,3,50
4,6887,6888,6888,2008-12-13,81.633164,25.67019,17,5,Chain,3,50
5,6888,6889,6889,2011-06-04,81.635458,25.671817,10,15,Robery,3,50
6,6889,6890,6890,2009-11-28,81.653503,25.677129,11,45,Chain,3,50
7,6890,6891,6891,2012-10-12,81.647445,25.678591,6,50,Kidnap,3,50
8,6891,6892,6892,2015-06-04,81.650535,25.671147,18,35,Pick,3,50
9,6892,6893,6893,2005-03-02,81.651587,25.670786,14,49,Hit And Run,3,50
10,6893,6894,6894,2006-03-07,81.650535,25.671147,13,40,Kidnap,3,50
11,6894,6895,6895,2013-08-21,81.652733,25.671676,18,0,Kidnap,3,50
12,6895,6896,6896,2013-07-23,81.650535,25.671147,5,46,Chain,3,50
13,6896,6897,6897,2014-06-25,81.645394,25.67089,20,14,Chain,3,50
14,6897,6898,6898,2010-08-16,81.652601,25.669455,1,33,Rape,3,50
15,6898,6899,6899,2010-08-31,81.648743,25.666674,10,54,Violence and Offence,3,50
16,6899,6900,6900,2014-03-31,81.647392,25.670232,2,20,Violence and Offence,3,50
17,6900,6901,6901,2008-07-06,81.643016,25.6723,19,24,Pick,3,50
18,6901,6902,6902,2008-11-17,81.628718,25.667403,5,15,Violence and Offence,3,50
19,6902,6903,6903,2009-07-31,81.62929,25.66623,2,47,Chain,3,50
20,6903,6904,6904,2006-01-08,81.626242,25.667131,19,18,Pick,3,50
21,6904,6905,6905,2008-06-01,81.641615,25.660658,19,10,Chain,3,50
22,6905,6906,6906,2007-02-09,81.641615,25.660658,15,4,Kidnap,3,50
23,6906,6907,6907,2015-01-23,81.641615,25.660658,21,38,Rape,3,50
24,6907,6908,6908,2015-11-06,81.643424,25.66762,15,20,Hit And Run,3,50
25,6908,6909,6909,2015-05-20,81.641615,25.660658,12,26,Pick,3,50
26,6909,6910,6910,2007-06-18,81.643424,25.66762,15,18,Robery,3,50
27,6910,6911,6911,2007-07-29,81.634818,25.662077,6,25,Robery,3,50
28,6911,6912,6912,2010-12-05,81.634818,25.662077,0,58,Kidnap,3,50
29,6912,6913,6913,2005-02-10,81.634818,25.662077,10,49,Robery,3,50
30,6913,6914,6914,2009-05-11,81.634818,25.662077,2,35,Murder,3,50
31,6914,6915,6915,2006-03-06,81.639363,25.665206,15,34,Pick,3,50
32,6915,6916,6916,2010-05-06,81.633684,25.66072,8,21,Murder,3,50
33,6916,6917,6917,2005-02-24,81.633454,25.667468,4,24,Rape,3,50
34,6917,6918,6918,2012-05-31,81.63608,25.668433,2,10,Hit And Run,3,50
35,6918,6919,6919,2008-01-03,81.634111,25.669829,21,50,Murder,3,50
36,6919,6920,6920,2008-11-24,81.634877,25.670078,18,43,Violence and Offence,3,50
37,6920,6921,6921,2010-09-25,81.633051,25.65729,6,47,Robery,3,50
38,6921,6922,6922,2013-02-24,81.633051,25.65729,20,34,Murder,3,50
39,6922,6923,6923,2008-03-02,81.63164,25.654151,11,18,Murder,3,50
40,6923,6924,6924,2010-01-09,81.63164,25.654151,6,9,Murder,3,50
41,6924,6925,6925,2010-06-13,81.63164,25.654151,15,16,Robery,3,50
42,6925,6926,6926,2006-10-27,81.634342,25.655755,0,10,Chain,3,50
43,6926,6927,6927,2006-12-07,81.636026,25.660199,9,36,Pick,3,50
44,6927,6928,6928,2007-09-30,81.612318,25.653525,22,44,Hit And Run,3,50
45,6928,6929,6929,2008-08-12,81.607553,25.656039,17,20,Kidnap,3,50
46,6929,6930,6930,2015-09-06,81.606793,25.652958,18,55,Chain,3,50
47,6930,6931,6931,2014-08-07,81.612318,25.653525,22,11,Kidnap,3,50
48,6931,6932,6932,2013-04-05,81.611558,25.658813,1,19,Chain,3,50
49,6932,6933,6933,2011-11-21,81.606974,25.656852,14,36,Murder,3,50
50,6933,6934,6934,2012-10-05,81.607553,25.656039,0,21,Robery,3,50
51,6934,6935,6935,2007-10-05,81.607553,25.656039,2,26,Pick,3,50
52,6935,6936,6936,2011-10-04,81.622802,25.662726,2,25,Robery,3,50
53,6936,6937,6937,2007-07-02,81.622802,25.662726,13,35,Robery,3,50
54,6937,6938,6938,2011-11-25,81.627354,25.668111,5,21,Pick,3,50
55,6938,6939,6939,2012-04-14,81.622998,25.667339,12,49,Robery,3,50
56,6939,6940,6940,2010-06-08,81.6191,25.656619,17,25,Murder,3,50
57,6940,6941,6941,2008-03-05,81.625007,25.660308,3,39,Rape,3,50
58,6941,6942,6942,2012-10-30,81.617032,25.659002,4,3,Violence and Offence,3,50
59,6942,6943,6943,2010-12-20,81.6191,25.656619,6,39,Robery,3,50
60,6943,6944,6944,2010-10-14,81.6191,25.656619,8,52,Pick,3,50
61,6944,6945,6945,2014-07-18,81.611486,25.656107,19,8,Kidnap,3,50
62,6945,6946,6946,2009-05-18,81.614804,25.653303,11,6,Hit And Run,3,50
63,6946,6947,6947,2012-04-06,81.615058,25.658006,10,54,Murder,3,50
64,6947,6948,6948,2006-11-04,81.614804,25.653303,22,48,Murder,3,50
65,6948,6949,6949,2011-03-28,81.62325,25.65579,14,43,Violence and Offence,3,50
66,6949,6950,6950,2010-03-25,81.611486,25.656107,0,20,Hit And Run,3,50
67,6950,6951,6951,2008-01-18,81.62325,25.65579,12,40,Robery,3,50
68,6951,6952,6952,2006-07-27,81.615058,25.658006,15,31,Chain,3,50
69,6952,6953,6953,2009-04-04,81.627547,25.660392,19,46,Hit And Run,3,50
70,6953,6954,6954,2010-04-27,81.63042,25.658545,17,7,Rape,3,50
71,6954,6955,6955,2011-04-04,81.603875,25.656709,13,34,Violence and Offence,3,50
72,6955,6956,6956,2014-12-12,81.607224,25.650733,16,6,Hit And Run,3,50
73,6956,6957,6957,2008-05-13,81.607326,25.654743,17,52,Pick,3,50
74,6957,6958,6958,2013-05-22,81.600686,25.654642,12,44,Robery,3,50
75,6958,6959,6959,2011-11-22,81.602647,25.654883,22,36,Pick,3,50
76,6959,6960,6960,2006-04-21,81.6026,25.652402,2,50,Kidnap,3,50
77,6960,6961,6961,2013-05-03,81.6026,25.652402,15,30,Murder,3,50
78,6961,6962,6962,2012-06-01,81.601952,25.652954,16,43,Robery,3,50
79,6962,6963,6963,2011-10-08,81.603875,25.656709,1,12,Rape,3,50
80,6963,6964,6964,2009-02-15,81.603271,25.654098,20,14,Chain,3,50
81,6964,6965,6965,2008-11-29,81.603875,25.656709,2,21,Robery,3,50
82,6965,6966,6966,2015-10-12,81.589342,25.65194,21,45,Rape,3,50
83,6966,6967,6967,2007-10-04,81.594798,25.654719,1,10,Robery,3,50
84,6967,6968,6968,2012-01-02,81.60112,25.657423,1,37,Hit And Run,3,50
85,6968,6969,6969,2013-01-30,81.60112,25.657423,7,11,Rape,3,50
86,6969,6970,6970,2013-10-22,81.589342,25.65194,16,15,Rape,3,50
87,6970,6971,6971,2015-02-17,81.589342,25.65194,7,39,Robery,3,50
88,6971,6972,6972,2009-05-18,81.60112,25.657423,14,35,Murder,3,50
89,6972,6973,6973,2008-02-22,81.601434,25.656311,5,57,Hit And Run,3,50
90,6973,6974,6974,2006-01-12,81.60112,25.657423,10,6,Hit And Run,3,50
91,6974,6975,6975,2006-03-11,81.6007,25.656611,14,8,Robery,3,50
92,6975,6976,6976,2006-08-07,81.589342,25.65194,15,57,Robery,3,50
93,6976,6977,6977,2013-07-06,81.589342,25.65194,17,20,Hit And Run,3,50
94,6977,6978,6978,2008-08-24,81.5993,25.657579,6,14,Pick,3,50
95,6978,6979,6979,2014-08-03,81.600382,25.652788,22,25,Murder,3,50
96,6979,6980,6980,2005-07-25,81.588438,25.644221,4,2,Chain,3,50
97,6980,6981,6981,2015-11-04,81.595416,25.645915,22,40,Kidnap,3,50
98,6981,6982,6982,2012-07-29,81.591039,25.644881,16,51,Violence and Offence,3,50
99,6982,6983,6983,2011-10-24,81.597321,25.647262,9,11,Rape,3,50
100,6983,6984,6984,2010-11-23,81.597321,25.647262,6,45,Murder,3,50
101,6984,6985,6985,2007-05-19,81.591631,25.647951,11,56,Robery,3,50
102,6985,6986,6986,2007-11-06,81.595208,25.647037,3,51,Hit And Run,3,50
103,6986,6987,6987,2015-10-02,81.591039,25.644881,15,10,Rape,3,50
104,6987,6988,6988,2005-02-05,81.595715,25.644812,16,21,Pick,3,50
105,6988,6989,6989,2014-04-22,81.595416,25.645915,20,19,Murder,3,50
106,6989,6990,6990,2005-09-19,81.591631,25.647951,1,31,Robery,3,50
107,6990,6991,6991,2006-10-28,81.595416,25.645915,0,52,Chain,3,50
108,6991,6992,6992,2010-09-30,81.597321,25.647262,5,12,Chain,3,50
109,6992,6993,6993,2006-06-17,81.599133,25.646126,9,12,Violence and Offence,3,50
110,6993,6994,6994,2006-05-10,81.589393,25.646638,14,2,Hit And Run,3,50
111,6994,6995,6995,2012-01-24,81.595208,25.647037,20,38,Robery,3,50
112,6995,6996,6996,2007-10-19,81.594189,25.649177,16,18,Violence and Offence,3,50
113,6996,6997,6997,2005-09-16,81.598203,25.647044,3,2,Hit And Run,3,50
114,6997,6998,6998,2008-06-17,81.597321,25.647262,10,23,Pick,3,50
115,6998,6999,6999,2013-11-30,81.598235,25.647611,7,14,Murder,3,50
116,6999,7000,7000,2011-12-14,81.588438,25.644221,19,2,Murder,3,50
117,7000,7001,7001,2013-08-13,81.597321,25.647262,14,7,Hit And Run,3,50
118,7001,7002,7002,2010-01-30,81.594158,25.647307,21,4,Rape,3,50
119,7002,7003,7003,2006-03-15,81.594091,25.645652,14,2,Kidnap,3,50
120,7003,7004,7004,2015-09-20,81.593146,25.646597,1,13,Violence and Offence,3,50
121,7004,7005,7005,2009-03-15,81.589826,25.646893,18,23,Robery,3,50
122,7005,7006,7006,2014-07-11,81.589826,25.646893,21,35,Kidnap,3,50
123,7006,7007,7007,2011-01-12,81.595715,25.644812,11,50,Violence and Offence,3,50
124,7007,7008,7008,2006-10-21,81.594091,25.645652,12,24,Rape,3,50
125,7008,7009,7009,2010-12-13,81.589316,25.645423,1,5,Kidnap,3,50
126,7009,7010,7010,2015-12-07,81.593146,25.646597,5,53,Kidnap,3,50
127,7010,7011,7011,2010-11-21,81.593146,25.646597,22,12,Kidnap,3,50
128,7011,7012,7012,2015-01-26,81.589826,25.646893,9,56,Rape,3,50
129,7012,7013,7013,2008-09-30,81.588438,25.644221,21,57,Murder,3,50
130,7013,7014,7014,2006-11-16,81.597321,25.647262,4,45,Rape,3,50
131,7014,7015,7015,2013-07-06,81.588438,25.644221,16,36,Violence and Offence,3,50
132,7015,7016,7016,2012-06-08,81.597321,25.647262,13,26,Rape,3,50
133,7016,7017,7017,2007-05-19,81.597468,25.648072,9,34,Rape,3,50
134,7017,7018,7018,2011-03-15,81.591867,25.650757,10,28,Kidnap,3,50
135,7018,7019,7019,2015-12-14,81.595208,25.647037,13,12,Rape,3,50
136,7019,7020,7020,2007-06-19,81.588438,25.644221,6,55,Violence and Offence,3,50
137,7020,7021,7021,2010-03-09,81.597321,25.647262,19,7,Kidnap,3,50
138,7021,7022,7022,2014-06-22,81.594158,25.647307,21,43,Murder,3,50
139,7022,7023,7023,2014-08-21,81.593146,25.646597,21,56,Pick,3,50
140,7023,7024,7024,2005-02-28,81.589393,25.646638,10,55,Rape,3,50
141,7024,7025,7025,2013-08-30,81.594189,25.649177,14,27,Chain,3,50
142,7025,7026,7026,2013-05-29,81.591631,25.647951,18,11,Rape,3,50
143,7026,7027,7027,2014-04-01,81.590869,25.64692,22,5,Murder,3,50
144,7027,7028,7028,2010-09-30,81.597321,25.647262,1,31,Robery,3,50
145,7028,7029,7029,2011-08-13,81.589393,25.646638,18,7,Chain,3,50
146,7029,7030,7030,2014-07-07,81.593146,25.646597,21,43,Kidnap,3,50
147,7030,7031,7031,2008-02-10,81.593146,25.646597,0,51,Violence and Offence,3,50
148,7031,7032,7032,2012-06-28,81.595208,25.647037,14,6,Murder,3,50
149,7032,7033,7033,2013-05-21,81.592091,25.646427,4,22,Violence and Offence,3,50
150,7033,7034,7034,2011-12-20,81.595973,25.645408,9,3,Murder,3,50
151,7034,7035,7035,2010-11-06,81.591039,25.644881,17,24,Chain,3,50
152,7035,7036,7036,2012-09-22,81.591631,25.647951,16,55,Kidnap,3,50
153,7036,7037,7037,2014-02-09,81.599823,25.64828,16,53,Chain,3,50
154,7037,7038,7038,2011-04-24,81.589826,25.646893,2,28,Hit And Run,3,50
155,7038,7039,7039,2013-09-01,81.596718,25.649054,6,44,Kidnap,3,50
156,7039,7040,7040,2011-03-10,81.591631,25.647951,4,42,Kidnap,3,50
157,7040,7041,7041,2007-07-01,81.588438,25.644221,5,53,Violence and Offence,3,50
158,7041,7042,7042,2011-11-28,81.591631,25.647951,14,11,Robery,3,50
159,7042,7043,7043,2009-09-15,81.594391,25.647039,1,11,Robery,3,50
160,7043,7044,7044,2006-09-02,81.589393,25.646638,13,42,Robery,3,50
161,7044,7045,7045,2008-09-18,81.586643,25.645266,18,26,Kidnap,3,50
162,7045,7046,7046,2008-06-05,81.589316,25.645423,11,42,Violence and Offence,3,50
163,7046,7047,7047,2010-08-23,81.597435,25.645006,14,15,Hit And Run,3,50
164,7047,7048,7048,2006-07-23,81.588438,25.644221,19,0,Chain,3,50
165,7048,7049,7049,2009-03-23,81.591631,25.647951,18,22,Hit And Run,3,50
166,7049,7050,7050,2005-05-13,81.591631,25.647951,18,22,Violence and Offence,3,50
167,7050,7051,7051,2014-10-20,81.591384,25.647517,19,15,Rape,3,50
168,7051,7052,7052,2006-05-23,81.591384,25.647517,15,56,Violence and Offence,3,50
169,7052,7053,7053,2006-03-22,81.600561,25.648421,16,13,Kidnap,3,50
170,7053,7054,7054,2011-01-11,81.586643,25.645266,7,10,Hit And Run,3,50
171,7054,7055,7055,2011-10-13,81.586643,25.645266,5,49,Robery,3,50
172,7055,7056,7056,2008-06-15,81.593146,25.646597,16,51,Rape,3,50
173,7056,7057,7057,2005-06-22,81.589393,25.646638,17,26,Kidnap,3,50
174,7057,7058,7058,2015-03-25,81.598235,25.647611,9,20,Chain,3,50
175,7058,7059,7059,2007-12-06,81.589316,25.645423,2,6,Robery,3,50
176,7059,7060,7060,2011-10-21,81.595973,25.645408,7,39,Violence and Offence,3,50
177,7060,7061,7061,2006-03-11,81.597468,25.648072,4,26,Rape,3,50
178,7061,7062,7062,2005-11-27,81.598809,25.649593,17,1,Murder,3,50
179,7062,7063,7063,2013-05-27,81.589393,25.646638,0,28,Rape,3,50
180,7063,7064,7064,2011-11-08,81.598235,25.647611,3,51,Chain,3,50
181,7064,7065,7065,2012-12-06,81.591631,25.647951,21,53,Chain,3,50
182,7065,7066,7066,2011-07-23,81.591796,25.647395,17,22,Violence and Offence,3,50
183,7066,7067,7067,2013-11-22,81.588438,25.644221,17,16,Chain,3,50
184,7067,7068,7068,2013-07-26,81.588438,25.644221,10,46,Violence and Offence,3,50
185,7068,7069,7069,2012-08-14,81.594189,25.649177,8,56,Pick,3,50
186,7069,7070,7070,2007-07-06,81.595208,25.647037,15,29,Pick,3,50
187,7070,7071,7071,2015-04-09,81.586643,25.645266,5,7,Murder,3,50
188,7071,7072,7072,2011-03-30,81.597321,25.647262,5,46,Kidnap,3,50
189,7072,7073,7073,2005-05-27,81.595416,25.645915,3,31,Kidnap,3,50
190,7073,7074,7074,2008-12-13,81.597321,25.647262,11,1,Kidnap,3,50
191,7074,7075,7075,2006-11-08,81.586643,25.645266,17,54,Violence and Offence,3,50
192,7075,7076,7076,2013-12-03,81.586643,25.645266,1,21,Murder,3,50
193,7076,7077,7077,2013-06-13,81.594091,25.645652,20,57,Robery,3,50
194,7077,7078,7078,2013-08-02,81.586643,25.645266,13,21,Murder,3,50
195,7078,7079,7079,2007-07-20,81.596273,25.646767,17,36,Kidnap,3,50
196,7079,7080,7080,2012-08-08,81.586643,25.645266,11,33,Kidnap,3,50
197,7080,7081,7081,2011-10-16,81.596718,25.649054,1,32,Kidnap,3,50
198,7081,7082,7082,2009-02-09,81.588438,25.644221,18,2,Hit And Run,3,50
199,7082,7083,7083,2012-08-17,81.586643,25.645266,9,32,Murder,3,50
200,7083,7084,7084,2007-07-09,81.589393,25.646638,14,40,Kidnap,3,50
201,7084,7085,7085,2014-08-31,81.586643,25.645266,11,39,Hit And Run,3,50
202,7085,7086,7086,2008-03-08,81.589393,25.646638,16,19,Robery,3,50
203,7086,7087,7087,2009-12-23,81.591631,25.647951,0,48,Hit And Run,3,50
204,7087,7088,7088,2014-08-19,81.589393,25.646638,6,12,Pick,3,50
205,7088,7089,7089,2011-06-13,81.589316,25.645423,10,57,Robery,3,50
206,7089,7090,7090,2007-06-19,81.597468,25.648072,13,58,Hit And Run,3,50
207,7090,7091,7091,2006-04-20,81.591796,25.647395,20,19,Violence and Offence,3,50
208,7091,7092,7092,2013-06-28,81.591384,25.647517,0,52,Rape,3,50
209,7092,7093,7093,2014-04-19,81.591796,25.647395,9,49,Pick,3,50
210,7093,7094,7094,2008-07-25,81.595208,25.647037,10,30,Hit And Run,3,50
211,7094,7095,7095,2010-04-03,81.591631,25.647951,21,48,Pick,3,50
212,7095,7096,7096,2013-06-21,81.590869,25.64692,5,31,Murder,3,50
213,7096,7097,7097,2008-03-27,81.589393,25.646638,11,14,Murder,3,50
214,7097,7098,7098,2005-01-28,81.588961,25.646382,14,21,Chain,3,50
215,7098,7099,7099,2011-02-01,81.60104,25.64607,9,30,Violence and Offence,3,50
216,7099,7100,7100,2011-08-11,81.610337,25.647649,6,26,Pick,3,50
217,7100,7101,7101,2008-11-04,81.602436,25.645884,5,35,Hit And Run,3,50
218,7101,7102,7102,2009-11-10,81.603324,25.648651,12,43,Pick,3,50
219,7102,7103,7103,2012-03-31,81.606738,25.647601,5,16,Pick,3,50
220,7103,7104,7104,2014-06-11,81.603324,25.648651,9,17,Murder,3,50
221,7104,7105,7105,2010-02-12,81.602436,25.645884,21,58,Robery,3,50
222,7105,7106,7106,2007-02-26,81.603324,25.648651,17,43,Kidnap,3,50
223,7106,7107,7107,2013-08-01,81.603324,25.648651,12,52,Murder,3,50
224,7107,7108,7108,2011-05-20,81.604254,25.649009,2,38,Violence and Offence,3,50
225,7108,7109,7109,2014-04-25,81.602436,25.645884,2,45,Murder,3,50
226,7109,7110,7110,2012-08-09,81.602846,25.646472,18,43,Violence and Offence,3,50
227,7110,7111,7111,2007-11-09,81.610337,25.647649,9,46,Robery,3,50
228,7111,7112,7112,2010-09-23,81.603324,25.648651,19,18,Robery,3,50
229,7112,7113,7113,2007-06-15,81.602436,25.645884,17,39,Hit And Run,3,50
230,7113,7114,7114,2015-05-30,81.604731,25.646101,2,40,Chain,3,50
231,7114,7115,7115,2011-02-28,81.608072,25.648753,18,21,Violence and Offence,3,50
232,7115,7116,7116,2006-12-18,81.60104,25.64607,21,8,Kidnap,3,50
233,7116,7117,7117,2015-06-23,81.607132,25.646921,14,22,Rape,3,50
234,7117,7118,7118,2006-02-15,81.602436,25.645884,14,44,Robery,3,50
235,7118,7119,7119,2009-08-17,81.602436,25.645884,14,37,Rape,3,50
236,7119,7120,7120,2012-10-13,81.602436,25.645884,8,22,Violence and Offence,3,50
237,7120,7121,7121,2009-02-08,81.602436,25.645884,7,43,Violence and Offence,3,50
238,7121,7122,7122,2015-02-19,81.602436,25.645884,0,48,Violence and Offence,3,50
239,7122,7123,7123,2012-07-18,81.602436,25.645884,4,17,Hit And Run,3,50
240,7123,7124,7124,2005-09-13,81.602436,25.645884,6,21,Murder,3,50
241,7124,7125,7125,2009-10-04,81.602436,25.645884,11,43,Chain,3,50
242,7125,7126,7126,2007-10-05,81.594118,25.649608,9,13,Robery,3,50
243,7126,7127,7127,2013-08-06,81.595995,25.650855,3,48,Hit And Run,3,50
244,7127,7128,7128,2012-01-15,81.595995,25.650855,12,49,Rape,3,50
245,7128,7129,7129,2010-04-14,81.59667,25.650447,14,12,Pick,3,50
246,7129,7130,7130,2005-06-23,81.595995,25.650855,9,17,Pick,3,50
247,7130,7131,7131,2007-06-10,81.598811,25.652047,16,11,Violence and Offence,3,50
248,7131,7132,7132,2007-09-07,81.594118,25.649608,7,39,Violence and Offence,3,50
249,7132,7133,7133,2009-09-19,81.59667,25.650447,13,3,Violence and Offence,3,50
250,7133,7134,7134,2006-12-03,81.594118,25.649608,0,7,Murder,3,50
251,7134,7135,7135,2014-11-09,81.595901,25.652274,1,56,Murder,3,50
252,7135,7136,7136,2010-06-01,81.596454,25.650014,0,21,Kidnap,3,50
253,7136,7137,7137,2008-04-16,81.595901,25.652274,14,34,Rape,3,50
254,7137,7138,7138,2011-12-11,81.595901,25.652274,8,8,Kidnap,3,50
255,7138,7139,7139,2008-06-16,81.594356,25.651048,8,1,Kidnap,3,50
256,7139,7140,7140,2014-08-10,81.59667,25.650447,8,57,Rape,3,50
257,7140,7141,7141,2005-05-06,81.594118,25.649608,7,23,Hit And Run,3,50
258,7141,7142,7142,2013-04-30,81.594118,25.649608,2,35,Hit And Run,3,50
259,7142,7143,7143,2008-03-26,81.594118,25.649608,7,33,Robery,3,50
260,7143,7144,7144,2010-03-29,81.594118,25.649608,12,57,Hit And Run,3,50
261,7144,7145,7145,2011-12-25,81.596454,25.650014,14,4,Murder,3,50
262,7145,7146,7146,2006-06-29,81.594799,25.650872,18,7,Kidnap,3,50
263,7146,7147,7147,2015-02-11,81.595901,25.652274,9,50,Robery,3,50
264,7147,7148,7148,2011-01-29,81.595995,25.650855,21,19,Pick,3,50
265,7148,7149,7149,2007-03-26,81.597733,25.652191,5,54,Robery,3,50
266,7149,7150,7150,2013-05-08,81.594118,25.649608,5,1,Kidnap,3,50
267,7150,7151,7151,2006-10-04,81.594799,25.650872,10,11,Kidnap,3,50
268,7151,7152,7152,2008-12-10,81.595995,25.650855,3,17,Violence and Offence,3,50
269,7152,7153,7153,2010-04-24,81.596454,25.650014,9,46,Murder,3,50
270,7153,7154,7154,2015-04-19,81.606475,25.649765,8,57,Violence and Offence,3,50
271,7154,7155,7155,2014-12-05,81.597823,25.65096,12,21,Robery,3,50
272,7155,7156,7156,2011-06-06,81.605787,25.648788,15,55,Kidnap,3,50
273,7156,7157,7157,2011-04-02,81.597873,25.653298,17,13,Kidnap,3,50
274,7157,7158,7158,2011-03-28,81.605787,25.648788,15,46,Chain,3,50
275,7158,7159,7159,2014-12-09,81.597823,25.65096,20,34,Pick,3,50
276,7159,7160,7160,2013-12-27,81.597873,25.653298,14,51,Robery,3,50
277,7160,7161,7161,2007-08-09,81.599553,25.650085,19,13,Hit And Run,3,50
278,7161,7162,7162,2007-03-04,81.597823,25.65096,6,37,Violence and Offence,3,50
279,7162,7163,7163,2009-09-07,81.599413,25.653463,5,15,Murder,3,50
280,7163,7164,7164,2006-10-06,81.597823,25.65096,9,0,Murder,3,50
281,7164,7165,7165,2012-09-25,81.597823,25.65096,11,0,Murder,3,50
282,7165,7166,7166,2014-06-27,81.597823,25.65096,22,48,Chain,3,50
283,7166,7167,7167,2008-10-16,81.599413,25.653463,5,3,Robery,3,50
284,7167,7168,7168,2015-09-12,81.639953,25.645894,7,23,Violence and Offence,3,50
285,7168,7169,7169,2011-10-07,81.63871,25.646675,18,38,Kidnap,3,50
286,7169,7170,7170,2012-03-30,81.63554,25.64638,1,12,Pick,3,50
287,7170,7171,7171,2013-08-26,81.63554,25.64638,16,21,Violence and Offence,3,50
288,7171,7172,7172,2014-07-29,81.63554,25.64638,8,37,Hit And Run,3,50
289,7172,7173,7173,2013-05-11,81.63554,25.64638,14,47,Murder,3,50
290,7173,7174,7174,2008-10-31,81.63554,25.64638,15,35,Hit And Run,3,50
291,7174,7175,7175,2014-10-28,81.63554,25.64638,11,46,Robery,3,50
292,7175,7176,7176,2011-10-06,81.631373,25.644702,10,32,Murder,3,50
293,7176,7177,7177,2010-03-04,81.637491,25.647708,9,57,Robery,3,50
294,7177,7178,7178,2007-12-24,81.639866,25.647071,12,37,Robery,3,50
295,7178,7179,7179,2013-05-09,81.63677,25.645482,20,34,Robery,3,50
296,7179,7180,7180,2015-08-25,81.637491,25.647708,14,45,Kidnap,3,50
297,7180,7181,7181,2013-05-05,81.627612,25.64379,19,40,Rape,3,50
298,7181,7182,7182,2011-04-25,81.633949,25.645136,17,15,Kidnap,3,50
299,7182,7183,7183,2007-03-11,81.627326,25.646332,5,41,Violence and Offence,3,50
300,7183,7184,7184,2009-11-24,81.628645,25.644266,6,3,Robery,3,50
301,7184,7185,7185,2006-11-02,81.636576,25.649355,21,27,Pick,3,50
302,7185,7186,7186,2011-05-24,81.636576,25.649355,0,18,Hit And Run,3,50
303,7186,7187,7187,2005-12-07,81.636576,25.649355,21,8,Violence and Offence,3,50
304,7187,7188,7188,2014-03-05,81.638012,25.653402,17,6,Hit And Run,3,50
305,7188,7189,7189,2005-01-22,81.632634,25.650393,18,28,Kidnap,3,50
306,7189,7190,7190,2013-03-30,81.632634,25.650393,15,45,Pick,3,50
307,7190,7191,7191,2012-11-05,81.632634,25.650393,11,9,Violence and Offence,3,50
308,7191,7192,7192,2009-06-02,81.629895,25.649777,3,3,Robery,3,50
309,7192,7193,7193,2006-02-16,81.627652,25.65126,21,52,Robery,3,50
310,7193,7194,7194,2012-12-08,81.622397,25.652125,1,45,Chain,3,50
311,7194,7195,7195,2010-07-01,81.627652,25.65126,2,49,Chain,3,50
312,7195,7196,7196,2011-11-16,81.629722,25.648742,10,43,Murder,3,50
313,7196,7197,7197,2005-02-23,81.629722,25.648742,21,30,Robery,3,50
314,7197,7198,7198,2014-03-26,81.62491,25.650725,9,53,Robery,3,50
315,7198,7199,7199,2015-01-03,81.608709,25.644831,1,3,Rape,3,50
316,7199,7200,7200,2015-05-19,81.608709,25.644831,0,56,Robery,3,50
317,7200,7201,7201,2006-02-27,81.608709,25.644831,4,17,Murder,3,50
318,7201,7202,7202,2013-12-13,81.610988,25.643753,11,11,Pick,3,50
319,7202,7203,7203,2009-03-31,81.608709,25.644831,15,41,Rape,3,50
320,7203,7204,7204,2013-08-11,81.623714,25.64552,13,12,Kidnap,3,50
321,7204,7205,7205,2008-09-24,81.615334,25.644858,22,39,Chain,3,50
322,7205,7206,7206,2013-06-28,81.623714,25.64552,5,55,Hit And Run,3,50
323,7206,7207,7207,2010-04-13,81.61888,25.644573,2,21,Murder,3,50
324,7207,7208,7208,2012-12-29,81.636514,25.642811,4,6,Murder,3,50
325,7208,7209,7209,2006-09-25,81.636514,25.642811,16,52,Kidnap,3,50
326,7209,7210,7210,2014-04-26,81.624893,25.639669,4,7,Rape,3,50
327,7210,7211,7211,2015-04-22,81.627665,25.640159,10,15,Hit And Run,3,50
328,7211,7212,7212,2008-11-14,81.632771,25.63914,21,36,Robery,3,50
329,7212,7213,7213,2008-01-19,81.626204,25.639213,13,28,Pick,3,50
330,7213,7214,7214,2006-03-12,81.626204,25.639213,22,49,Chain,3,50
331,7214,7215,7215,2010-03-16,81.627665,25.640159,11,43,Hit And Run,3,50
332,7215,7216,7216,2011-03-07,81.635189,25.641847,9,28,Robery,3,50
333,7216,7217,7217,2009-11-13,81.629147,25.637547,0,37,Rape,3,50
334,7217,7218,7218,2015-10-30,81.622551,25.640225,18,13,Violence and Offence,3,50
335,7218,7219,7219,2009-08-22,81.624893,25.639669,11,15,Murder,3,50
336,7219,7220,7220,2009-04-29,81.63079,25.63383,5,48,Pick,3,50
337,7220,7221,7221,2015-07-02,81.628694,25.639484,12,39,Rape,3,50
338,7221,7222,7222,2011-09-23,81.626204,25.639213,10,11,Hit And Run,3,50
339,7222,7223,7223,2005-04-21,81.625059,25.642987,3,36,Kidnap,3,50
340,7223,7224,7224,2008-02-05,81.625059,25.642987,8,51,Murder,3,50
341,7224,7225,7225,2014-12-13,81.623201,25.643521,22,33,Violence and Offence,3,50
342,7225,7226,7226,2010-06-14,81.613678,25.650364,13,47,Chain,3,50
343,7226,7227,7227,2011-12-05,81.62057,25.649333,3,21,Chain,3,50
344,7227,7228,7228,2012-02-02,81.622595,25.649457,15,23,Violence and Offence,3,50
345,7228,7229,7229,2008-03-16,81.622595,25.649457,0,44,Chain,3,50
346,7229,7230,7230,2013-11-25,81.613678,25.650364,5,23,Pick,3,50
347,7230,7231,7231,2006-10-20,81.592035,25.633572,17,15,Kidnap,3,50
348,7231,7232,7232,2006-12-01,81.588451,25.634189,10,24,Kidnap,3,50
349,7232,7233,7233,2011-11-23,81.592075,25.635703,18,22,Kidnap,3,50
350,7233,7234,7234,2010-03-02,81.592743,25.639376,4,9,Rape,3,50
351,7234,7235,7235,2008-10-13,81.592743,25.639376,10,33,Hit And Run,3,50
352,7235,7236,7236,2012-03-23,81.595754,25.641244,4,57,Rape,3,50
353,7236,7237,7237,2011-02-04,81.59818,25.643556,8,15,Chain,3,50
354,7237,7238,7238,2010-09-29,81.597586,25.644387,2,18,Chain,3,50
355,7238,7239,7239,2007-06-03,81.595754,25.641244,2,45,Violence and Offence,3,50
356,7239,7240,7240,2005-06-29,81.596137,25.642946,6,58,Kidnap,3,50
357,7240,7241,7241,2005-06-12,81.595754,25.641244,20,12,Pick,3,50
358,7241,7242,7242,2015-12-29,81.592743,25.639376,10,55,Rape,3,50
359,7242,7243,7243,2010-10-23,81.592743,25.639376,8,54,Chain,3,50
360,7243,7244,7244,2012-03-29,81.59818,25.643556,13,41,Rape,3,50
361,7244,7245,7245,2015-02-17,81.598356,25.641248,5,46,Rape,3,50
362,7245,7246,7246,2011-06-21,81.598652,25.642149,12,26,Rape,3,50
363,7246,7247,7247,2005-01-25,81.598652,25.642149,1,9,Violence and Offence,3,50
364,7247,7248,7248,2011-10-29,81.600672,25.639263,13,30,Robery,3,50
365,7248,7249,7249,2009-11-12,81.595045,25.639261,4,42,Rape,3,50
366,7249,7250,7250,2015-08-28,81.598974,25.641343,19,3,Rape,3,50
367,7250,7251,7251,2006-12-04,81.598652,25.642149,12,15,Murder,3,50
368,7251,7252,7252,2010-12-13,81.598652,25.642149,1,5,Rape,3,50
369,7252,7253,7253,2012-05-06,81.598652,25.642149,6,6,Pick,3,50
370,7253,7254,7254,2013-09-26,81.595003,25.637202,14,53,Robery,3,50
371,7254,7255,7255,2011-08-19,81.598356,25.641248,16,9,Hit And Run,3,50
372,7255,7256,7256,2015-12-10,81.598356,25.641248,20,56,Hit And Run,3,50
373,7256,7257,7257,2015-12-12,81.598652,25.642149,7,12,Murder,3,50
374,7257,7258,7258,2012-04-12,81.600672,25.639263,0,4,Violence and Offence,3,50
375,7258,7259,7259,2011-06-20,81.600672,25.639263,22,5,Hit And Run,3,50
376,7259,7260,7260,2008-05-21,81.598652,25.642149,22,36,Chain,3,50
377,7260,7261,7261,2013-01-16,81.59871,25.642249,14,57,Violence and Offence,3,50
378,7261,7262,7262,2005-04-20,81.606903,25.6438,19,26,Rape,3,50
379,7262,7263,7263,2007-11-02,81.61035,25.640629,21,56,Pick,3,50
380,7263,7264,7264,2005-09-30,81.60402,25.642859,4,6,Rape,3,50
381,7264,7265,7265,2011-03-26,81.605335,25.643571,11,23,Rape,3,50
382,7265,7266,7266,2007-02-04,81.607692,25.640454,0,55,Violence and Offence,3,50
383,7266,7267,7267,2007-07-18,81.61035,25.640629,0,50,Robery,3,50
384,7267,7268,7268,2014-10-24,81.606903,25.6438,11,28,Violence and Offence,3,50
385,7268,7269,7269,2005-03-08,81.601659,25.64355,12,2,Hit And Run,3,50
386,7269,7270,7270,2014-10-02,81.601659,25.64355,13,38,Violence and Offence,3,50
387,7270,7271,7271,2012-10-17,81.601659,25.64355,5,54,Hit And Run,3,50
388,7271,7272,7272,2006-10-18,81.602823,25.642966,20,28,Hit And Run,3,50
389,7272,7273,7273,2011-08-27,81.605335,25.643571,8,54,Chain,3,50
390,7273,7274,7274,2005-07-31,81.605335,25.643571,8,3,Kidnap,3,50
391,7274,7275,7275,2008-09-01,81.605335,25.643571,17,46,Murder,3,50
392,7275,7276,7276,2007-02-15,81.60998,25.642864,9,19,Violence and Offence,3,50
393,7276,7277,7277,2006-05-19,81.602823,25.642966,2,13,Robery,3,50
394,7277,7278,7278,2012-07-04,81.589855,25.637428,4,11,Chain,3,50
395,7278,7279,7279,2009-02-11,81.59049,25.63746,20,43,Murder,3,50
396,7279,7280,7280,2010-04-27,81.592471,25.636192,6,35,Violence and Offence,3,50
397,7280,7281,7281,2015-03-16,81.590906,25.637122,13,50,Kidnap,3,50
398,7281,7282,7282,2007-11-08,81.595522,25.640181,11,37,Violence and Offence,3,50
399,7282,7283,7283,2015-12-12,81.597916,25.636202,10,34,Rape,3,50
400,7283,7284,7284,2009-10-18,81.612499,25.635406,19,36,Chain,3,50
401,7284,7285,7285,2006-04-14,81.617002,25.638823,15,19,Robery,3,50
402,7285,7286,7286,2014-01-30,81.612499,25.635406,22,28,Rape,3,50
403,7286,7287,7287,2007-05-14,81.615267,25.639303,14,55,Hit And Run,3,50
404,7287,7288,7288,2007-12-28,81.615267,25.639303,10,46,Rape,3,50
405,7288,7289,7289,2006-01-21,81.597737,25.632892,4,16,Hit And Run,3,50
406,7289,7290,7290,2015-12-12,81.602009,25.637719,10,29,Murder,3,50
407,7290,7291,7291,2005-05-19,81.597919,25.630961,4,22,Hit And Run,3,50
408,7291,7292,7292,2005-09-29,81.612771,25.633494,10,52,Robery,3,50
409,7292,7293,7293,2015-05-20,81.597919,25.630961,7,34,Murder,3,50
410,7293,7294,7294,2009-03-09,81.602924,25.636756,20,6,Pick,3,50
411,7294,7295,7295,2005-07-27,81.597737,25.632892,8,52,Kidnap,3,50
412,7295,7296,7296,2009-03-30,81.602606,25.638686,2,24,Robery,3,50
413,7296,7297,7297,2009-07-24,81.597737,25.632892,20,12,Murder,3,50
414,7297,7298,7298,2011-11-30,81.628176,25.63175,10,11,Rape,3,50
415,7298,7299,7299,2009-08-09,81.621554,25.633656,16,43,Robery,3,50
416,7299,7300,7300,2008-08-26,81.621554,25.633656,1,50,Kidnap,3,50
417,7300,7301,7301,2013-03-21,81.621554,25.633656,0,33,Hit And Run,3,50
418,7301,7302,7302,2011-10-13,81.621554,25.633656,18,40,Kidnap,3,50
419,7302,7303,7303,2006-08-12,81.623106,25.631916,20,6,Violence and Offence,3,50
420,7303,7304,7304,2005-09-23,81.628176,25.63175,10,42,Hit And Run,3,50
421,7304,7305,7305,2011-10-20,81.628176,25.63175,22,56,Robery,3,50
422,7305,7306,7306,2006-05-07,81.628176,25.63175,17,16,Kidnap,3,50
423,7306,7307,7307,2013-10-17,81.628176,25.63175,15,32,Chain,3,50
424,7307,7308,7308,2009-03-01,81.628176,25.63175,9,52,Murder,3,50
425,7308,7309,7309,2006-11-02,81.626045,25.638933,20,16,Violence and Offence,3,50
426,7309,7310,7310,2008-08-15,81.614761,25.633753,13,24,Murder,3,50
427,7310,7311,7311,2008-07-31,81.614761,25.633753,19,12,Robery,3,50
428,7311,7312,7312,2007-07-16,81.613708,25.634805,17,30,Hit And Run,3,50
429,7312,7313,7313,2010-04-20,81.613708,25.634805,0,45,Chain,3,50
430,7313,7314,7314,2014-12-26,81.609869,25.63471,17,4,Murder,3,50
431,7314,7315,7315,2012-12-23,81.616834,25.634345,17,28,Hit And Run,3,50
432,7315,7316,7316,2014-03-01,81.608213,25.635667,18,40,Violence and Offence,3,50
433,7316,7317,7317,2010-04-23,81.595676,25.629262,22,57,Chain,3,50
434,7317,7318,7318,2009-05-17,81.596313,25.626642,2,11,Pick,3,50
435,7318,7319,7319,2015-09-29,81.595214,25.630246,18,24,Murder,3,50
436,7319,7320,7320,2014-11-22,81.599423,25.632583,4,54,Robery,3,50
437,7320,7321,7321,2006-10-17,81.5948,25.627933,4,15,Kidnap,3,50
438,7321,7322,7322,2007-03-27,81.594844,25.634369,12,28,Pick,3,50
439,7322,7323,7323,2005-06-05,81.595449,25.631794,14,48,Violence and Offence,3,50
440,7323,7324,7324,2012-01-18,81.593075,25.628628,16,27,Chain,3,50
441,7324,7325,7325,2005-08-01,81.611556,25.627893,3,26,Rape,3,50
442,7325,7326,7326,2005-01-15,81.618416,25.628758,6,25,Robery,3,50
443,7326,7327,7327,2007-10-01,81.620277,25.62871,21,56,Chain,3,50
444,7327,7328,7328,2010-01-14,81.620277,25.62871,6,44,Violence and Offence,3,50
445,7328,7329,7329,2008-07-31,81.611556,25.627893,22,39,Violence and Offence,3,50
446,7329,7330,7330,2006-02-14,81.581397,25.627523,10,53,Murder,3,50
447,7330,7331,7331,2005-12-31,81.585197,25.624184,22,38,Murder,3,50
448,7331,7332,7332,2009-08-23,81.585197,25.624184,18,40,Chain,3,50
449,7332,7333,7333,2012-03-31,81.580458,25.626328,17,49,Chain,3,50
450,7333,7334,7334,2014-11-17,81.582927,25.623006,20,32,Rape,3,50
451,7334,7335,7335,2011-07-31,81.587853,25.623164,17,24,Hit And Run,3,50
452,7335,7336,7336,2014-11-27,81.587853,25.623164,18,37,Violence and Offence,3,50
453,7336,7337,7337,2014-09-07,81.584195,25.623106,18,14,Chain,3,50
454,7337,7338,7338,2015-11-30,81.588492,25.630558,13,33,Violence and Offence,3,50
455,7338,7339,7339,2006-07-12,81.588492,25.630558,15,34,Rape,3,50
456,7339,7340,7340,2012-10-27,81.588492,25.630558,6,14,Rape,3,50
457,7340,7341,7341,2007-05-11,81.572572,25.638486,5,6,Violence and Offence,3,50
458,7341,7342,7342,2015-09-27,81.581645,25.64863,18,22,Pick,3,50
459,7342,7343,7343,2008-05-27,81.589841,25.638048,10,5,Chain,3,50
460,7343,7344,7344,2013-07-04,81.572572,25.638486,9,50,Hit And Run,3,50
461,7344,7345,7345,2005-07-24,81.589841,25.638048,13,28,Murder,3,50
462,7345,7346,7346,2007-02-26,81.587123,25.644156,15,47,Robery,3,50
463,7346,7347,7347,2009-05-09,81.585652,25.634211,9,4,Violence and Offence,3,50
464,7347,7348,7348,2015-12-24,81.586245,25.635995,11,15,Kidnap,3,50
465,7348,7349,7349,2012-06-22,81.581841,25.636111,21,44,Hit And Run,3,50
466,7349,7350,7350,2006-01-04,81.581658,25.632406,9,15,Hit And Run,3,50
467,7350,7351,7351,2006-03-24,81.576778,25.635331,10,12,Rape,3,50
468,7351,7352,7352,2006-04-02,81.567726,25.631936,3,6,Violence and Offence,3,50
469,7352,7353,7353,2013-02-11,81.577971,25.637264,21,32,Murder,3,50
470,7353,7354,7354,2007-01-15,81.571115,25.630024,7,38,Robery,3,50
471,7354,7355,7355,2007-03-12,81.578829,25.634953,19,15,Pick,3,50
472,7355,7356,7356,2014-10-03,81.577342,25.631407,17,7,Hit And Run,3,50
473,7356,7357,7357,2009-03-24,81.581085,25.629192,13,24,Murder,3,50
474,7357,7358,7358,2007-06-22,81.570935,25.622499,21,58,Pick,3,50
475,7358,7359,7359,2014-09-22,81.593402,25.62313,10,9,Robery,3,50
476,7359,7360,7360,2014-03-02,81.593402,25.62313,6,49,Violence and Offence,3,50
477,7360,7361,7361,2007-04-08,81.593402,25.62313,7,23,Chain,3,50
478,7361,7362,7362,2009-08-19,81.593402,25.62313,0,48,Murder,3,50
479,7362,7363,7363,2005-12-11,81.598538,25.62462,6,44,Chain,3,50
480,7363,7364,7364,2015-10-05,81.591851,25.6254,15,15,Kidnap,3,50
481,7364,7365,7365,2005-12-13,81.598121,25.624347,11,46,Murder,3,50
482,7365,7366,7366,2005-12-26,81.590748,25.624115,1,46,Violence and Offence,3,50
483,7366,7367,7367,2008-08-09,81.591283,25.618178,1,37,Robery,3,50
484,7367,7368,7368,2005-11-14,81.589835,25.619316,16,46,Violence and Offence,3,50
485,7368,7369,7369,2012-04-24,81.591283,25.618178,2,40,Kidnap,3,50
486,7369,7370,7370,2006-05-27,81.593051,25.621392,11,16,Robery,3,50
487,7370,7371,7371,2007-08-01,81.580726,25.619616,0,12,Pick,3,50
488,7371,7372,7372,2013-04-12,81.585836,25.620873,11,47,Pick,3,50
489,7372,7373,7373,2014-02-24,81.580726,25.619616,11,6,Kidnap,3,50
490,7373,7374,7374,2011-10-02,81.581171,25.618101,1,41,Chain,3,50
491,7374,7375,7375,2013-01-26,81.584045,25.619303,4,43,Murder,3,50
492,7375,7376,7376,2006-06-15,81.574791,25.6181,7,27,Murder,3,50
493,7376,7377,7377,2013-10-30,81.57787,25.612698,16,20,Murder,3,50
494,7377,7378,7378,2007-07-08,81.577286,25.619946,18,47,Robery,3,50
495,7378,7379,7379,2014-11-25,81.586785,25.616612,12,4,Murder,3,50
496,7379,7380,7380,2010-04-24,81.585973,25.613261,16,49,Pick,3,50
497,7380,7381,7381,2013-03-01,81.585427,25.614622,17,40,Robery,3,50
498,7381,7382,7382,2008-07-30,81.58333,25.613823,3,28,Pick,3,50
499,7382,7383,7383,2008-03-18,81.58333,25.613823,4,58,Kidnap,3,50
500,7383,7384,7384,2008-04-24,81.585033,25.614655,15,4,Murder,3,50
501,7384,7385,7385,2006-10-11,81.567537,25.600654,13,10,Chain,3,50
502,7385,7386,7386,2006-09-28,81.563853,25.600532,8,37,Hit And Run,3,50
503,7386,7387,7387,2008-07-24,81.567537,25.600654,11,14,Hit And Run,3,50
504,7387,7388,7388,2013-12-01,81.568014,25.600928,8,33,Pick,3,50
505,7388,7389,7389,2007-10-13,81.567537,25.600654,12,21,Kidnap,3,50
506,7389,7390,7390,2005-02-07,81.566507,25.600133,7,35,Chain,3,50
507,7390,7391,7391,2014-01-27,81.566507,25.600133,9,21,Murder,3,50
508,7391,7392,7392,2012-05-30,81.566159,25.589002,20,53,Chain,3,50
509,7392,7393,7393,2006-09-14,81.562076,25.590395,19,15,Hit And Run,3,50
510,7393,7394,7394,2009-05-10,81.562076,25.590395,16,2,Kidnap,3,50
511,7394,7395,7395,2006-05-08,81.564946,25.592919,9,56,Rape,3,50
512,7395,7396,7396,2014-12-30,81.563089,25.588526,3,58,Murder,3,50
513,7396,7397,7397,2014-10-04,81.563089,25.588526,5,10,Rape,3,50
514,7397,7398,7398,2013-11-19,81.562076,25.590395,21,2,Chain,3,50
515,7398,7399,7399,2012-05-14,81.564946,25.592919,20,56,Violence and Offence,3,50
516,7399,7400,7400,2014-06-20,81.567053,25.591994,22,9,Rape,3,50
517,7400,7401,7401,2011-09-27,81.564946,25.592919,1,30,Murder,3,50
518,7401,7402,7402,2009-09-20,81.564031,25.595087,5,17,Chain,3,50
519,7402,7403,7403,2014-07-23,81.564946,25.592919,11,44,Hit And Run,3,50
520,7403,7404,7404,2010-06-01,81.563089,25.588526,9,36,Kidnap,3,50
521,7404,7405,7405,2009-02-14,81.564291,25.590028,16,25,Robery,3,50
522,7405,7406,7406,2013-10-01,81.567053,25.591994,22,21,Murder,3,50
523,7406,7407,7407,2014-11-02,81.564402,25.591665,15,30,Rape,3,50
524,7407,7408,7408,2010-08-03,81.580011,25.611026,21,37,Chain,3,50
525,7408,7409,7409,2005-06-20,81.575795,25.610972,4,11,Kidnap,3,50
526,7409,7410,7410,2009-07-04,81.578291,25.609636,2,50,Violence and Offence,3,50
527,7410,7411,7411,2010-09-27,81.579428,25.607623,17,23,Violence and Offence,3,50
528,7411,7412,7412,2005-07-06,81.570758,25.604906,17,21,Violence and Offence,3,50
529,7412,7413,7413,2009-02-17,81.567307,25.603286,17,30,Robery,3,50
530,7413,7414,7414,2005-11-21,81.562083,25.603672,7,41,Robery,3,50
531,7414,7415,7415,2009-12-08,81.570934,25.602004,1,53,Pick,3,50
532,7415,7416,7416,2006-06-22,81.568869,25.606157,2,21,Rape,3,50
533,7416,7417,7417,2013-03-27,81.567307,25.603286,22,20,Hit And Run,3,50
534,7417,7418,7418,2009-02-12,81.570934,25.602004,22,31,Rape,3,50
535,7418,7419,7419,2014-02-20,81.570934,25.602004,17,36,Rape,3,50
536,7419,7420,7420,2008-10-26,81.570978,25.602077,19,34,Pick,3,50
537,7420,7421,7421,2014-04-11,81.570758,25.604906,11,52,Robery,3,50
538,7421,7422,7422,2013-12-14,81.570934,25.602004,20,28,Robery,3,50
539,7422,7423,7423,2007-02-24,81.570238,25.603931,19,18,Chain,3,50
540,7423,7424,7424,2014-06-23,81.570238,25.603931,1,52,Hit And Run,3,50
541,7424,7425,7425,2010-02-20,81.564389,25.604564,20,24,Robery,3,50
542,7425,7426,7426,2008-05-13,81.562083,25.603672,17,47,Chain,3,50
543,7426,7427,7427,2010-01-21,81.570758,25.604906,1,41,Rape,3,50
544,7427,7428,7428,2014-12-08,81.570758,25.604906,15,7,Robery,3,50
545,7428,7429,7429,2009-07-27,81.559676,25.593377,11,24,Rape,3,50
546,7429,7430,7430,2006-01-13,81.53784,25.607989,15,51,Murder,3,50
547,7430,7431,7431,2014-04-07,81.53784,25.607989,2,0,Pick,3,50
548,7431,7432,7432,2013-10-29,81.53784,25.607989,0,53,Chain,3,50
549,7432,7433,7433,2013-01-16,81.53784,25.607989,14,41,Rape,3,50
550,7433,7434,7434,2011-02-14,81.53784,25.607989,3,34,Pick,3,50
551,7434,7435,7435,2009-02-27,81.549354,25.602024,20,8,Chain,3,50
552,7435,7436,7436,2015-07-31,81.53784,25.607989,7,43,Pick,3,50
553,7436,7437,7437,2012-07-06,81.53784,25.607989,19,1,Chain,3,50
554,7437,7438,7438,2013-10-02,81.53784,25.607989,7,25,Kidnap,3,50
555,7438,7439,7439,2010-11-05,81.53784,25.607989,21,53,Kidnap,3,50
556,7439,7440,7440,2010-05-10,81.53784,25.607989,6,35,Kidnap,3,50
557,7440,7441,7441,2006-02-03,81.53784,25.607989,9,6,Hit And Run,3,50
558,7441,7442,7442,2005-10-28,81.53784,25.607989,0,32,Rape,3,50
559,7442,7443,7443,2006-10-19,81.53784,25.607989,22,51,Chain,3,50
560,7443,7444,7444,2012-04-13,81.53784,25.607989,8,23,Pick,3,50
561,7444,7445,7445,2015-03-20,81.53784,25.607989,14,28,Hit And Run,3,50
562,7445,7446,7446,2010-12-17,81.53784,25.607989,11,57,Robery,3,50
563,7446,7447,7447,2007-03-01,81.557872,25.591186,21,36,Robery,3,50
564,7447,7448,7448,2008-05-16,81.556299,25.593716,15,56,Rape,3,50
565,7448,7449,7449,2009-10-12,81.558804,25.60181,0,39,Kidnap,3,50
566,7449,7450,7450,2014-07-03,81.557327,25.604125,7,2,Murder,3,50
567,7450,7451,7451,2013-01-12,81.558263,25.607207,19,6,Kidnap,3,50
568,7451,7452,7452,2010-12-24,81.558263,25.607207,4,14,Robery,3,50
569,7452,7453,7453,2008-07-05,81.548788,25.603493,21,20,Pick,3,50
570,7453,7454,7454,2015-07-31,81.558804,25.60181,9,48,Chain,3,50
571,7454,7455,7455,2006-04-11,81.558263,25.607207,21,54,Chain,3,50
572,7455,7456,7456,2015-02-21,81.532229,25.569189,11,19,Violence and Offence,3,50
573,7456,7457,7457,2008-05-24,81.535411,25.570539,6,46,Murder,3,50
574,7457,7458,7458,2013-05-18,81.540788,25.57171,3,35,Chain,3,50
575,7458,7459,7459,2012-05-13,81.529378,25.568471,1,44,Violence and Offence,3,50
576,7459,7460,7460,2005-07-31,81.529378,25.568471,16,46,Pick,3,50
577,7460,7461,7461,2008-10-12,81.514073,25.565843,20,41,Kidnap,3,50
578,7461,7462,7462,2014-07-17,81.514073,25.565843,18,47,Robery,3,50
579,7462,7463,7463,2010-06-16,81.529212,25.565459,6,42,Chain,3,50
580,7463,7464,7464,2013-08-08,81.547976,25.571099,20,17,Chain,3,50
581,7464,7465,7465,2007-04-26,81.541452,25.567518,19,31,Pick,3,50
582,7465,7466,7466,2007-01-22,81.551659,25.568741,18,57,Violence and Offence,3,50
583,7466,7467,7467,2005-08-24,81.561881,25.577414,0,42,Chain,3,50
584,7467,7468,7468,2011-05-13,81.561881,25.577414,3,0,Murder,3,50
585,7468,7469,7469,2005-08-02,81.551659,25.568741,7,53,Hit And Run,3,50
586,7469,7470,7470,2010-10-08,81.498478,25.559364,22,41,Kidnap,3,50
587,7470,7471,7471,2010-12-26,81.545679,25.562081,0,44,Pick,3,50
588,7471,7472,7472,2008-11-29,81.550051,25.565401,17,0,Hit And Run,3,50
589,7472,7473,7473,2005-03-25,81.545679,25.562081,0,11,Violence and Offence,3,50
590,7473,7474,7474,2011-11-13,81.54762,25.566009,20,3,Hit And Run,3,50
591,7474,7475,7475,2008-06-27,81.545679,25.562081,19,17,Robery,3,50
592,7475,7476,7476,2012-11-22,81.545679,25.562081,0,28,Hit And Run,3,50
593,7476,7477,7477,2010-11-18,81.557804,25.562637,4,6,Chain,3,50
594,7477,7478,7478,2013-08-09,81.538834,25.566515,14,27,Pick,3,50
595,7478,7479,7479,2006-09-07,81.538834,25.566515,12,27,Kidnap,3,50
596,7479,7480,7480,2008-12-08,81.538834,25.566515,14,3,Pick,3,50
597,7480,7481,7481,2009-01-18,81.538834,25.566515,13,17,Pick,3,50
598,7481,7482,7482,2010-10-17,81.538834,25.566515,11,33,Murder,3,50
599,7482,7483,7483,2015-11-24,81.538834,25.566515,9,45,Hit And Run,3,50
600,7483,7484,7484,2005-06-10,81.532574,25.562091,0,47,Murder,3,50
601,7484,7485,7485,2014-04-25,81.532574,25.562091,1,10,Murder,3,50
602,7485,7486,7486,2008-12-18,81.541172,25.565394,4,33,Pick,3,50
603,7486,7487,7487,2011-08-22,81.542917,25.55963,12,31,Rape,3,50
604,7487,7488,7488,2009-07-21,81.542917,25.55963,22,0,Kidnap,3,50
605,7488,7489,7489,2014-12-17,81.540546,25.560849,11,11,Kidnap,3,50
606,7489,7490,7490,2011-11-10,81.543736,25.558253,22,1,Hit And Run,3,50
607,7490,7491,7491,2015-06-12,81.54176,25.561202,3,10,Murder,3,50
608,7491,7492,7492,2009-11-27,81.546975,25.559153,3,3,Violence and Offence,3,50
609,7492,7493,7493,2007-01-31,81.54176,25.561202,18,46,Violence and Offence,3,50
610,7493,7494,7494,2013-01-21,81.546975,25.559153,5,5,Kidnap,3,50
611,7494,7495,7495,2009-08-21,81.530481,25.55347,11,54,Pick,3,50
612,7495,7496,7496,2010-12-28,81.533941,25.557564,19,26,Murder,3,50
613,7496,7497,7497,2011-04-10,81.538948,25.556539,4,6,Hit And Run,3,50
614,7497,7498,7498,2013-07-18,81.538147,25.555372,2,16,Kidnap,3,50
615,7498,7499,7499,2013-08-16,81.530481,25.55347,18,4,Rape,3,50
616,7499,7500,7500,2008-05-19,81.530481,25.55347,13,0,Hit And Run,3,50
617,7500,7501,7501,2014-01-02,81.530481,25.55347,21,50,Violence and Offence,3,50
618,7501,7502,7502,2010-09-30,81.530481,25.55347,12,45,Violence and Offence,3,50
619,7502,7503,7503,2014-10-23,81.538775,25.559243,4,32,Violence and Offence,3,50
620,7503,7504,7504,2006-02-02,81.530481,25.55347,5,22,Pick,3,50
621,7504,7505,7505,2007-03-21,81.539204,25.557781,14,27,Murder,3,50
622,7505,7506,7506,2015-06-09,81.538871,25.558408,14,28,Pick,3,50
623,7506,7507,7507,2015-04-02,81.530481,25.55347,1,20,Violence and Offence,3,50
624,7507,7508,7508,2015-12-26,81.530481,25.55347,19,35,Pick,3,50
625,7508,7509,7509,2005-02-16,81.530481,25.55347,3,23,Pick,3,50
626,7509,7510,7510,2012-04-06,81.538671,25.556761,5,8,Rape,3,50
627,7510,7511,7511,2015-01-29,81.542308,25.556811,10,29,Violence and Offence,3,50
628,7511,7512,7512,2015-02-07,81.539204,25.557781,0,47,Violence and Offence,3,50
629,7512,7513,7513,2013-07-25,81.538775,25.559243,13,33,Rape,3,50
630,7513,7514,7514,2006-04-14,81.542308,25.556811,4,29,Hit And Run,3,50
631,7514,7515,7515,2010-04-03,81.538948,25.556539,17,29,Pick,3,50
632,7515,7516,7516,2007-09-28,81.538948,25.556539,2,46,Violence and Offence,3,50
633,7516,7517,7517,2014-03-09,81.542308,25.556811,15,27,Rape,3,50
634,7517,7518,7518,2012-04-04,81.538948,25.556539,2,36,Kidnap,3,50
635,7518,7519,7519,2015-09-11,81.522452,25.552229,10,25,Violence and Offence,3,50
636,7519,7520,7520,2010-04-10,81.513959,25.554391,15,17,Rape,3,50
637,7520,7521,7521,2009-07-19,81.527844,25.552116,21,22,Murder,3,50
638,7521,7522,7522,2010-08-02,81.525246,25.550394,18,18,Rape,3,50
639,7522,7523,7523,2013-04-02,81.521544,25.550558,9,22,Kidnap,3,50
640,7523,7524,7524,2009-03-05,81.521544,25.550558,15,31,Hit And Run,3,50
641,7524,7525,7525,2006-07-18,81.515326,25.5523,21,23,Chain,3,50
642,7525,7526,7526,2009-11-07,81.505124,25.551622,8,49,Murder,3,50
643,7526,7527,7527,2013-02-26,81.505124,25.551622,15,56,Kidnap,3,50
644,7527,7528,7528,2006-09-10,81.503379,25.551975,14,38,Murder,3,50
645,7528,7529,7529,2014-11-07,81.514977,25.545267,19,45,Robery,3,50
646,7529,7530,7530,2011-10-18,81.518277,25.547239,17,51,Violence and Offence,3,50
647,7530,7531,7531,2012-02-16,81.530733,25.549472,16,0,Murder,3,50
648,7531,7532,7532,2012-05-28,81.530733,25.549472,2,9,Chain,3,50
649,7532,7533,7533,2007-07-05,81.537108,25.552873,5,54,Chain,3,50
650,7533,7534,7534,2013-07-17,81.534584,25.549381,8,47,Murder,3,50
651,7534,7535,7535,2014-04-26,81.531031,25.551434,13,1,Chain,3,50
652,7535,7536,7536,2007-01-21,81.546959,25.553095,19,33,Rape,3,50
653,7536,7537,7537,2012-01-27,81.546152,25.552755,22,24,Kidnap,3,50
654,7537,7538,7538,2005-08-31,81.552983,25.554865,17,25,Rape,3,50
655,7538,7539,7539,2007-10-23,81.546959,25.553095,4,43,Rape,3,50
656,7539,7540,7540,2005-12-10,81.549305,25.552837,9,20,Kidnap,3,50
657,7540,7541,7541,2008-09-07,81.552983,25.554865,15,11,Kidnap,3,50
658,7541,7542,7542,2008-12-16,81.55676,25.553531,10,39,Rape,3,50
659,7542,7543,7543,2014-05-10,81.546152,25.552755,22,24,Murder,3,50
660,7543,7544,7544,2009-09-06,81.546152,25.552755,9,55,Robery,3,50
661,7544,7545,7545,2012-04-18,81.548144,25.547937,5,43,Hit And Run,3,50
662,7545,7546,7546,2011-04-28,81.549305,25.552837,22,9,Rape,3,50
663,7546,7547,7547,2013-07-16,81.535998,25.547766,12,13,Violence and Offence,3,50
664,7547,7548,7548,2005-08-02,81.552459,25.546779,4,9,Rape,3,50
665,7550,7551,7551,2005-11-17,81.534534,25.534549,4,1,Kidnap,3,50
666,7551,7552,7552,2009-02-01,81.545576,25.548004,3,34,Hit And Run,3,50
667,7553,7554,7554,2009-12-16,81.541883,25.547837,18,6,Hit And Run,3,50
668,7554,7555,7555,2006-11-03,81.535603,25.550289,6,43,Pick,3,50
669,7555,7556,7556,2013-10-09,81.545781,25.550091,13,40,Robery,3,50
670,7556,7557,7557,2005-12-14,81.545781,25.550091,9,6,Pick,3,50
671,7557,7558,7558,2005-08-24,81.540122,25.548234,21,3,Chain,3,50
672,7558,7559,7559,2006-06-23,81.542681,25.555754,15,51,Violence and Offence,3,50
673,7559,7560,7560,2009-04-06,81.542681,25.555754,10,18,Murder,3,50
674,7560,7561,7561,2015-07-26,81.542681,25.555754,10,23,Robery,3,50
675,7561,7562,7562,2008-08-15,81.542681,25.555754,4,36,Violence and Offence,3,50
676,7562,7563,7563,2013-05-08,81.552382,25.556001,8,29,Kidnap,3,50
677,7563,7564,7564,2013-08-25,81.552887,25.552662,4,9,Murder,3,50
678,7564,7565,7565,2005-05-15,81.54761,25.554224,12,44,Violence and Offence,3,50
679,7565,7566,7566,2014-02-07,81.547333,25.556289,22,7,Kidnap,3,50
